{"name":"00f881f0-96d0-41c6-8fd1-3d54d193a4b8","id":"/providers/Microsoft.Flow/flows/00f881f0-96d0-41c6-8fd1-3d54d193a4b8","type":"Microsoft.Flow/flows","properties":{"apiId":"/providers/Microsoft.PowerApps/apis/shared_logicflows","displayName":"Protect File in Folder","definition":{"metadata":{"workflowEntityId":null,"processAdvisorMetadata":null,"flowclientsuspensionreason":"None","flowclientsuspensiontime":null,"creator":{"id":"8bbd17e9-f756-4697-b032-bf660857094f","type":"User","tenantId":"43a8a2a7-0b3d-4566-a10c-4346596d9c92"},"provisioningMethod":"FromDefinition","failureAlertSubscription":true,"clientLastModifiedTime":"2021-05-18T23:36:00.7941638Z"},"$schema":"https://schema.management.azure.com/providers/Microsoft.Logic/schemas/2016-06-01/workflowdefinition.json#","contentVersion":"1.0.0.0","parameters":{"$connections":{"defaultValue":{},"type":"Object"},"$authentication":{"defaultValue":{},"type":"SecureObject"}},"triggers":{"When_a_file_is_created":{"recurrence":{"frequency":"Minute","interval":1},"metadata":{"b!b_oFhYXp-0OSPc_fYNcWYMPza_xyJLVGnXmqoSgkl7mTIXfzqHeHQaZ3dFZ_zKFt.01KOYGJEBPCVDM4SRKKJFIDGNKCZO5Z65P":"/PDF Tools API/protect/input"},"type":"OpenApiConnection","inputs":{"host":{"apiId":"/providers/Microsoft.PowerApps/apis/shared_onedriveforbusiness","connectionName":"shared_onedriveforbusiness","operationId":"OnNewFileV2"},"parameters":{"folderId":"b!b_oFhYXp-0OSPc_fYNcWYMPza_xyJLVGnXmqoSgkl7mTIXfzqHeHQaZ3dFZ_zKFt.01KOYGJEBPCVDM4SRKKJFIDGNKCZO5Z65P","includeSubfolders":false,"inferContentType":true},"authentication":"@parameters('$authentication')"}}},"actions":{"Protect_PDF_from_Copying,_Editing_and_Printing":{"runAfter":{},"type":"OpenApiConnection","inputs":{"host":{"apiId":"/providers/Microsoft.PowerApps/apis/shared_adobepdftools","connectionName":"shared_adobepdftools_1","operationId":"ProtectOwnerPDF"},"parameters":{"inputFileName":"@triggerOutputs()?['headers/x-ms-file-name-encoded']","ownerPassword":"123456","contentEncryption":"ALL_CONTENT","allowPrintLowQuality":false,"allowPrintHighQuality":false,"allowEditContent":false,"allowEditDocumentAssembly":false,"allowEditAnnotations":false,"allowEditFillAndSignFormFields":false,"allowCopyContent":false,"InputFile0/body":"@triggerOutputs()?['body']"},"authentication":"@parameters('$authentication')"}},"Send_an_email_notification_(V3)":{"runAfter":{"Protect_PDF_from_Copying,_Editing_and_Printing":["Succeeded"]},"type":"OpenApiConnection","inputs":{"host":{"apiId":"/providers/Microsoft.PowerApps/apis/shared_sendmail","connectionName":"shared_sendmail","operationId":"SendEmailV3"},"parameters":{"request/to":"pra42688@adobe.com;","request/subject":"@{outputs('Protect_PDF_from_Copying,_Editing_and_Printing')?['body/fileName']} is now secure","request/text":"<p>Attached is a secure version of @{outputs('Protect_PDF_from_Copying,_Editing_and_Printing')?['body/fileName']}</p>","request/files":"@outputs('Protect_PDF_from_Copying,_Editing_and_Printing')?['body/fileContent']","request/filenames":"@outputs('Protect_PDF_from_Copying,_Editing_and_Printing')?['body/fileName']"},"authentication":"@parameters('$authentication')"}},"Create_file":{"runAfter":{"Send_an_email_notification_(V3)":["Succeeded"]},"type":"OpenApiConnection","inputs":{"host":{"apiId":"/providers/Microsoft.PowerApps/apis/shared_onedriveforbusiness","connectionName":"shared_onedriveforbusiness","operationId":"CreateFile"},"parameters":{"folderPath":"/PDF Tools API/protect/output","name":"@outputs('Protect_PDF_from_Copying,_Editing_and_Printing')?['body/fileName']","body":"@outputs('Protect_PDF_from_Copying,_Editing_and_Printing')?['body/fileContent']"},"authentication":"@parameters('$authentication')"},"runtimeConfiguration":{"contentTransfer":{"transferMode":"Chunked"}}}}},"connectionReferences":{"shared_adobepdftools_1":{"connectionName":"shared-adobepdftools-936f2f08-535f-460c-b97c-c338-4e48f413","source":"Embedded","id":"/providers/Microsoft.PowerApps/apis/shared_adobepdftools","tier":"NotSpecified"},"shared_sendmail":{"connectionName":"shared-sendmail-54273a82-306c-4188-b9e9-f7f7-98f7e2b3","source":"Embedded","id":"/providers/Microsoft.PowerApps/apis/shared_sendmail","tier":"NotSpecified"},"shared_onedriveforbusiness":{"connectionName":"shared-onedriveforbu-884f82dc-86e1-4e07-b38b-9f22-09f4e621","source":"Embedded","id":"/providers/Microsoft.PowerApps/apis/shared_onedriveforbusiness","tier":"NotSpecified"}},"flowFailureAlertSubscribed":false}}