{"name":"a7c33e62-edf6-40a9-b2ba-b64592b3cc5b","id":"/providers/Microsoft.Flow/flows/a7c33e62-edf6-40a9-b2ba-b64592b3cc5b","type":"Microsoft.Flow/flows","properties":{"apiId":"/providers/Microsoft.PowerApps/apis/shared_logicflows","displayName":"Handle PDF from Email","definition":{"metadata":{"workflowEntityId":null,"processAdvisorMetadata":null,"flowclientsuspensionreason":"None","flowclientsuspensiontime":null,"creator":{"id":"8bbd17e9-f756-4697-b032-bf660857094f","type":"User","tenantId":"43a8a2a7-0b3d-4566-a10c-4346596d9c92"},"provisioningMethod":"FromDefinition","failureAlertSubscription":true,"clientLastModifiedTime":"2021-05-18T17:56:36.6949644Z"},"$schema":"https://schema.management.azure.com/providers/Microsoft.Logic/schemas/2016-06-01/workflowdefinition.json#","contentVersion":"1.0.0.0","parameters":{"$connections":{"defaultValue":{},"type":"Object"},"$authentication":{"defaultValue":{},"type":"SecureObject"}},"triggers":{"When_a_new_email_arrives_(V3)":{"splitOn":"@triggerOutputs()?['body/value']","type":"OpenApiConnectionNotification","inputs":{"host":{"apiId":"/providers/Microsoft.PowerApps/apis/shared_office365","connectionName":"shared_office365","operationId":"OnNewEmailV3"},"parameters":{"folderPath":"Inbox","includeAttachments":true,"importance":"Any","fetchOnlyWithAttachment":true},"authentication":"@parameters('$authentication')"}}},"actions":{"Apply_to_each":{"foreach":"@triggerOutputs()?['body/attachments']","actions":{"Create_Searchable_PDF_using_OCR":{"runAfter":{},"type":"OpenApiConnection","inputs":{"host":{"apiId":"/providers/Microsoft.PowerApps/apis/shared_adobepdftools","connectionName":"shared_adobepdftools","operationId":"OcrPDF"},"parameters":{"inputFileName":"@items('Apply_to_each')?['name']","ocrLocale":"EN_US","ocrType":"SEARCHABLE_IMAGE","InputFile0/body":"@items('Apply_to_each')?['contentBytes']"},"authentication":"@parameters('$authentication')"}},"Create_file":{"runAfter":{"Compress_PDF":["Succeeded"]},"type":"OpenApiConnection","inputs":{"host":{"apiId":"/providers/Microsoft.PowerApps/apis/shared_onedriveforbusiness","connectionName":"shared_onedriveforbusiness","operationId":"CreateFile"},"parameters":{"folderPath":"/PDF Attachments","name":"@outputs('Compress_PDF')?['body/fileName']","body":"@outputs('Compress_PDF')?['body/fileContent']"},"authentication":"@parameters('$authentication')"},"runtimeConfiguration":{"contentTransfer":{"transferMode":"Chunked"}}},"Compress_PDF":{"runAfter":{"Create_Searchable_PDF_using_OCR":["Succeeded"]},"type":"OpenApiConnection","inputs":{"host":{"apiId":"/providers/Microsoft.PowerApps/apis/shared_adobepdftools","connectionName":"shared_adobepdftools","operationId":"CompressPDF"},"parameters":{"inputFileName":"@outputs('Create_Searchable_PDF_using_OCR')?['body/fileName']","InputFile0/body":"@outputs('Create_Searchable_PDF_using_OCR')?['body/fileContent']"},"authentication":"@parameters('$authentication')"}}},"runAfter":{},"type":"Foreach"}}},"connectionReferences":{"shared_adobepdftools":{"connectionName":"shared-adobepdftools-55eb1012-4538-4baf-b630-ddc6-7226d450","source":"Embedded","id":"/providers/Microsoft.PowerApps/apis/shared_adobepdftools","tier":"NotSpecified"},"shared_onedriveforbusiness":{"connectionName":"shared-onedriveforbu-884f82dc-86e1-4e07-b38b-9f22-09f4e621","source":"Embedded","id":"/providers/Microsoft.PowerApps/apis/shared_onedriveforbusiness","tier":"NotSpecified"},"shared_office365":{"connectionName":"shared-office365-e5cd271b-9cf5-466a-9d9d-9abe-c53c46b7","source":"Embedded","id":"/providers/Microsoft.PowerApps/apis/shared_office365","tier":"NotSpecified"}},"flowFailureAlertSubscribed":false}}